frame_number,subframe_number,time_cpu_cycles,heart_rate_bpm,heart_rate_hz,confidence,sample_rate_hz,range_meters,selected_range_bin,window_length,valid
1,0,1682582902,0.0,0.0,0.0,10.0,0.5668795108795166,13,200,0
2,0,1702554904,0.0,0.0,0.0,10.0,0.5668795108795166,13,200,0
3,0,1722548425,0.0,0.0,0.0,10.0,0.5668795108795166,13,200,0
4,0,1742562420,0.0,0.0,0.0,10.0,0.5668795108795166,13,200,0
5,0,1762524312,0.0,0.0,0.0,10.0,0.5668795108795166,13,200,0
6,0,1782538288,0.0,0.0,0.0,10.0,0.5668795108795166,13,200,0
7,0,1802617927,0.0,0.0,0.0,10.0,0.5668795108795166,13,200,0
8,0,1822690016,0.0,0.0,0.0,10.0,0.5668795108795166,13,200,0
9,0,1842626496,0.0,0.0,0.0,10.0,0.5668795108795166,13,200,0
10,0,1862657444,0.0,0.0,0.0,10.0,0.5668795108795166,13,200,0
11,0,1882636317,0.0,0.0,0.0,10.0,0.5668795108795166,13,200,0
12,0,1902594727,0.0,0.0,0.0,10.0,0.5668795108795166,13,200,0
13,0,1922500031,0.0,0.0,0.0,10.0,0.5668795108795166,13,200,0
14,0,1942529026,0.0,0.0,0.0,10.0,0.5668795108795166,13,200,0
15,0,1962490812,0.0,0.0,0.0,10.0,0.5668795108795166,13,200,0
16,0,1982492331,0.0,0.0,0.0,10.0,0.5668795108795166,13,200,0
17,0,2002511938,0.0,0.0,0.0,10.0,0.5668795108795166,13,200,0
18,0,2022515857,0.0,0.0,0.0,10.0,0.5668795108795166,13,200,0
19,0,2042499561,0.0,0.0,0.0,10.0,0.5668795108795166,13,200,0
20,0,2062503875,0.0,0.0,0.0,10.0,0.5668795108795166,13,200,0
21,0,2082461236,0.0,0.0,0.0,10.0,0.5668795108795166,13,200,0
22,0,2102482290,0.0,0.0,0.0,10.0,0.5668795108795166,13,200,0
23,0,2122473300,0.0,0.0,0.0,10.0,0.5668795108795166,13,200,0
24,0,2142479544,0.0,0.0,0.0,10.0,0.5668795108795166,13,200,0
25,0,2162531176,0.0,0.0,0.0,10.0,0.5668795108795166,13,200,0
26,0,2182477609,0.0,0.0,0.0,10.0,0.5668795108795166,13,200,0
27,0,2202497656,0.0,0.0,0.0,10.0,0.5668795108795166,13,200,0
28,0,2222497915,0.0,0.0,0.0,10.0,0.5668795108795166,13,200,0
29,0,2242503551,0.0,0.0,0.0,10.0,0.5668795108795166,13,200,0
30,0,2262493145,0.0,0.0,0.0,10.0,0.5668795108795166,13,200,0
31,0,2282529660,0.0,0.0,0.0,10.0,0.5668795108795166,13,200,0
32,0,2302504037,0.0,0.0,0.0,10.0,0.5668795108795166,13,200,0
33,0,2322489704,0.0,0.0,0.0,10.0,0.5668795108795166,13,200,0
34,0,2342478789,0.0,0.0,0.0,10.0,0.5668795108795166,13,200,0
35,0,2362490144,0.0,0.0,0.0,10.0,0.5668795108795166,13,200,0
36,0,2382511446,0.0,0.0,0.0,10.0,0.5668795108795166,13,200,0
37,0,2402518917,0.0,0.0,0.0,10.0,0.5668795108795166,13,200,0
38,0,2422508206,0.0,0.0,0.0,10.0,0.5668795108795166,13,200,0
39,0,2442509565,0.0,0.0,0.0,10.0,0.5668795108795166,13,200,0
40,0,2462511421,0.0,0.0,0.0,10.0,0.5668795108795166,13,200,0
41,0,2482487916,0.0,0.0,0.0,10.0,0.5668795108795166,13,200,0
42,0,2502514917,0.0,0.0,0.0,10.0,0.5668795108795166,13,200,0
43,0,2522504965,0.0,0.0,0.0,10.0,0.5668795108795166,13,200,0
44,0,2542483260,0.0,0.0,0.0,10.0,0.5668795108795166,13,200,0
45,0,2562505408,0.0,0.0,0.0,10.0,0.5668795108795166,13,200,0
46,0,2582465970,0.0,0.0,0.0,10.0,0.5668795108795166,13,200,0
47,0,2602502746,0.0,0.0,0.0,10.0,0.5668795108795166,13,200,0
48,0,2622504107,0.0,0.0,0.0,10.0,0.5668795108795166,13,200,0
49,0,2642467120,0.0,0.0,0.0,10.0,0.5668795108795166,13,200,0
50,0,2662496670,0.0,0.0,0.0,10.0,0.5668795108795166,13,200,0
51,0,2682482016,0.0,0.0,0.0,10.0,0.5668795108795166,13,200,0
52,0,2702466113,0.0,0.0,0.0,10.0,0.5668795108795166,13,200,0
53,0,2722510792,0.0,0.0,0.0,10.0,0.5668795108795166,13,200,0
54,0,2742483276,0.0,0.0,0.0,10.0,0.5668795108795166,13,200,0
55,0,2762476065,0.0,0.0,0.0,10.0,0.5668795108795166,13,200,0
56,0,2782485071,0.0,0.0,0.0,10.0,0.5668795108795166,13,200,0
57,0,2802470891,0.0,0.0,0.0,10.0,0.5668795108795166,13,200,0
58,0,2822475778,0.0,0.0,0.0,10.0,0.5668795108795166,13,200,0
59,0,2842513960,0.0,0.0,0.0,10.0,0.5668795108795166,13,200,0
60,0,2862476211,0.0,0.0,0.0,10.0,0.5668795108795166,13,200,0
61,0,2882477627,0.0,0.0,0.0,10.0,0.5668795108795166,13,200,0
62,0,2902472471,0.0,0.0,0.0,10.0,0.5668795108795166,13,200,0
63,0,2922498413,0.0,0.0,0.0,10.0,0.5668795108795166,13,200,0
64,0,2942522524,0.0,0.0,0.0,10.0,0.5668795108795166,13,200,0
65,0,2962471566,0.0,0.0,0.0,10.0,0.5668795108795166,13,200,0
66,0,2982505925,0.0,0.0,0.0,10.0,0.5668795108795166,13,200,0
67,0,3002479489,0.0,0.0,0.0,10.0,0.5668795108795166,13,200,0
68,0,3022497425,0.0,0.0,0.0,10.0,0.5668795108795166,13,200,0
69,0,3042503060,0.0,0.0,0.0,10.0,0.5668795108795166,13,200,0
70,0,3062533585,0.0,0.0,0.0,10.0,0.5668795108795166,13,200,0
71,0,3082491121,0.0,0.0,0.0,10.0,0.5668795108795166,13,200,0
72,0,3102510842,0.0,0.0,0.0,10.0,0.5668795108795166,13,200,0
73,0,3122516721,0.0,0.0,0.0,10.0,0.5668795108795166,13,200,0
74,0,3142500674,0.0,0.0,0.0,10.0,0.5668795108795166,13,200,0
75,0,3162525664,0.0,0.0,0.0,10.0,0.5668795108795166,13,200,0
76,0,3182516071,0.0,0.0,0.0,10.0,0.5668795108795166,13,200,0
77,0,3202457917,0.0,0.0,0.0,10.0,0.5668795108795166,13,200,0
78,0,3222488045,0.0,0.0,0.0,10.0,0.5668795108795166,13,200,0
79,0,3242483911,0.0,0.0,0.0,10.0,0.5668795108795166,13,200,0
80,0,3262495865,0.0,0.0,0.0,10.0,0.5668795108795166,13,200,0
81,0,3282511614,0.0,0.0,0.0,10.0,0.5668795108795166,13,200,0
82,0,3302482930,0.0,0.0,0.0,10.0,0.5668795108795166,13,200,0
83,0,3322497939,0.0,0.0,0.0,10.0,0.5668795108795166,13,200,0
84,0,3342479587,0.0,0.0,0.0,10.0,0.5668795108795166,13,200,0
85,0,3362473461,0.0,0.0,0.0,10.0,0.5668795108795166,13,200,0
86,0,3382522021,0.0,0.0,0.0,10.0,0.5668795108795166,13,200,0
87,0,3402518276,0.0,0.0,0.0,10.0,0.5668795108795166,13,200,0
88,0,3422479947,0.0,0.0,0.0,10.0,0.5668795108795166,13,200,0
89,0,3442501640,0.0,0.0,0.0,10.0,0.5668795108795166,13,200,0
90,0,3462452401,0.0,0.0,0.0,10.0,0.5668795108795166,13,200,0
91,0,3482459634,0.0,0.0,0.0,10.0,0.5668795108795166,13,200,0
92,0,3502526560,0.0,0.0,0.0,10.0,0.5668795108795166,13,200,0
93,0,3522495054,0.0,0.0,0.0,10.0,0.5668795108795166,13,200,0
94,0,3542467033,0.0,0.0,0.0,10.0,0.5668795108795166,13,200,0
95,0,3562498425,0.0,0.0,0.0,10.0,0.5668795108795166,13,200,0
96,0,3582471473,0.0,0.0,0.0,10.0,0.5668795108795166,13,200,0
97,0,3602466800,0.0,0.0,0.0,10.0,0.5668795108795166,13,200,0
98,0,3622496399,0.0,0.0,0.0,10.0,0.5668795108795166,13,200,0
99,0,3642500299,0.0,0.0,0.0,10.0,0.5668795108795166,13,200,0
100,0,3662481385,0.0,0.0,0.0,10.0,0.5668795108795166,13,200,0
101,0,3682489144,0.0,0.0,0.0,10.0,0.5668795108795166,13,200,0
102,0,3702485858,0.0,0.0,0.0,10.0,0.5668795108795166,13,200,0
103,0,3722476610,0.0,0.0,0.0,10.0,0.5668795108795166,13,200,0
104,0,3742507792,0.0,0.0,0.0,10.0,0.5668795108795166,13,200,0
105,0,3762506531,0.0,0.0,0.0,10.0,0.5668795108795166,13,200,0
106,0,3782502767,0.0,0.0,0.0,10.0,0.5668795108795166,13,200,0
107,0,3802493092,0.0,0.0,0.0,10.0,0.5668795108795166,13,200,0
108,0,3822464386,0.0,0.0,0.0,10.0,0.5668795108795166,13,200,0
109,0,3842476481,0.0,0.0,0.0,10.0,0.5668795108795166,13,200,0
110,0,3862498518,0.0,0.0,0.0,10.0,0.5668795108795166,13,200,0
111,0,3882506151,0.0,0.0,0.0,10.0,0.5668795108795166,13,200,0
112,0,3902481945,0.0,0.0,0.0,10.0,0.5668795108795166,13,200,0
113,0,3922500487,0.0,0.0,0.0,10.0,0.5668795108795166,13,200,0
114,0,3942468246,0.0,0.0,0.0,10.0,0.5668795108795166,13,200,0
115,0,3962505960,0.0,0.0,0.0,10.0,0.5668795108795166,13,200,0
116,0,3982529450,0.0,0.0,0.0,10.0,0.5668795108795166,13,200,0
117,0,4002479876,0.0,0.0,0.0,10.0,0.5668795108795166,13,200,0
118,0,4022496856,0.0,0.0,0.0,10.0,0.5668795108795166,13,200,0
119,0,4042480702,0.0,0.0,0.0,10.0,0.5668795108795166,13,200,0
120,0,4062506148,0.0,0.0,0.0,10.0,0.5668795108795166,13,200,0
121,0,4082502987,0.0,0.0,0.0,10.0,0.5668795108795166,13,200,0
122,0,4102517237,0.0,0.0,0.0,10.0,0.5668795108795166,13,200,0
123,0,4122481022,0.0,0.0,0.0,10.0,0.5668795108795166,13,200,0
124,0,4142479980,0.0,0.0,0.0,10.0,0.5668795108795166,13,200,0
125,0,4162485610,0.0,0.0,0.0,10.0,0.5668795108795166,13,200,0
126,0,4182494244,0.0,0.0,0.0,10.0,0.5668795108795166,13,200,0
127,0,4202525618,0.0,0.0,0.0,10.0,0.5668795108795166,13,200,0
128,0,4222527045,0.0,0.0,0.0,10.0,0.5668795108795166,13,200,0
129,0,4242469930,0.0,0.0,0.0,10.0,0.5668795108795166,13,200,0
130,0,4262470769,0.0,0.0,0.0,10.0,0.5668795108795166,13,200,0
131,0,4282468462,0.0,0.0,0.0,10.0,0.5668795108795166,13,200,0
132,0,7487031,0.0,0.0,0.0,10.0,0.5668795108795166,13,200,0
133,0,27551481,0.0,0.0,0.0,10.0,0.5668795108795166,13,200,0
134,0,47535608,0.0,0.0,0.0,10.0,0.5668795108795166,13,200,0
135,0,67502403,0.0,0.0,0.0,10.0,0.5668795108795166,13,200,0
136,0,87528905,0.0,0.0,0.0,10.0,0.5668795108795166,13,200,0
137,0,107500995,0.0,0.0,0.0,10.0,0.5668795108795166,13,200,0
138,0,127491310,0.0,0.0,0.0,10.0,0.5668795108795166,13,200,0
139,0,147594007,0.0,0.0,0.0,10.0,0.5668795108795166,13,200,0
140,0,167612459,0.0,0.0,0.0,10.0,0.5668795108795166,13,200,0
141,0,187586687,0.0,0.0,0.0,10.0,0.5668795108795166,13,200,0
142,0,207619383,0.0,0.0,0.0,10.0,0.5668795108795166,13,200,0
143,0,227574548,0.0,0.0,0.0,10.0,0.5668795108795166,13,200,0
144,0,247638244,0.0,0.0,0.0,10.0,0.5668795108795166,13,200,0
145,0,267663181,0.0,0.0,0.0,10.0,0.5668795108795166,13,200,0
146,0,287697192,0.0,0.0,0.0,10.0,0.5668795108795166,13,200,0
147,0,307739465,0.0,0.0,0.0,10.0,0.5668795108795166,13,200,0
148,0,327719579,0.0,0.0,0.0,10.0,0.5668795108795166,13,200,0
149,0,347720181,0.0,0.0,0.0,10.0,0.5668795108795166,13,200,0
150,0,367557210,0.0,0.0,0.0,10.0,0.5668795108795166,13,200,0
151,0,387584657,0.0,0.0,0.0,10.0,0.5668795108795166,13,200,0
152,0,407565554,0.0,0.0,0.0,10.0,0.5668795108795166,13,200,0
153,0,427637028,0.0,0.0,0.0,10.0,0.5668795108795166,13,200,0
154,0,447669590,0.0,0.0,0.0,10.0,0.5668795108795166,13,200,0
155,0,467624591,0.0,0.0,0.0,10.0,0.5668795108795166,13,200,0
156,0,487656387,0.0,0.0,0.0,10.0,0.5668795108795166,13,200,0
157,0,507693584,0.0,0.0,0.0,10.0,0.5668795108795166,13,200,0
158,0,527713261,0.0,0.0,0.0,10.0,0.5668795108795166,13,200,0
159,0,547688121,0.0,0.0,0.0,10.0,0.5668795108795166,13,200,0
160,0,567724822,0.0,0.0,0.0,10.0,0.5668795108795166,13,200,0
161,0,587727501,0.0,0.0,0.0,10.0,0.5668795108795166,13,200,0
162,0,607740783,0.0,0.0,0.0,10.0,0.5668795108795166,13,200,0
163,0,627720319,0.0,0.0,0.0,10.0,0.5668795108795166,13,200,0
164,0,647699912,0.0,0.0,0.0,10.0,0.5668795108795166,13,200,0
165,0,667729366,0.0,0.0,0.0,10.0,0.5668795108795166,13,200,0
166,0,687799068,0.0,0.0,0.0,10.0,0.5668795108795166,13,200,0
167,0,707819364,0.0,0.0,0.0,10.0,0.5668795108795166,13,200,0
168,0,727763842,0.0,0.0,0.0,10.0,0.5668795108795166,13,200,0
169,0,747768077,0.0,0.0,0.0,10.0,0.5668795108795166,13,200,0
170,0,767832504,0.0,0.0,0.0,10.0,0.5668795108795166,13,200,0
171,0,787750095,0.0,0.0,0.0,10.0,0.5668795108795166,13,200,0
172,0,807752794,0.0,0.0,0.0,10.0,0.5668795108795166,13,200,0
173,0,827700694,0.0,0.0,0.0,10.0,0.5668795108795166,13,200,0
174,0,847716559,0.0,0.0,0.0,10.0,0.5668795108795166,13,200,0
175,0,867700966,0.0,0.0,0.0,10.0,0.5668795108795166,13,200,0
176,0,887664956,0.0,0.0,0.0,10.0,0.5668795108795166,13,200,0
177,0,907673724,0.0,0.0,0.0,10.0,0.5668795108795166,13,200,0
178,0,927648970,0.0,0.0,0.0,10.0,0.5668795108795166,13,200,0
179,0,947639446,0.0,0.0,0.0,10.0,0.5668795108795166,13,200,0
180,0,967647124,0.0,0.0,0.0,10.0,0.5668795108795166,13,200,0
181,0,987668612,0.0,0.0,0.0,10.0,0.5668795108795166,13,200,0
182,0,1007707624,0.0,0.0,0.0,10.0,0.5668795108795166,13,200,0
183,0,1027767874,0.0,0.0,0.0,10.0,0.5668795108795166,13,200,0
184,0,1047711126,0.0,0.0,0.0,10.0,0.5668795108795166,13,200,0
185,0,1067717837,0.0,0.0,0.0,10.0,0.5668795108795166,13,200,0
186,0,1087674057,0.0,0.0,0.0,10.0,0.5668795108795166,13,200,0
187,0,1107647640,0.0,0.0,0.0,10.0,0.5668795108795166,13,200,0
188,0,1127648785,0.0,0.0,0.0,10.0,0.5668795108795166,13,200,0
189,0,1147655176,0.0,0.0,0.0,10.0,0.5668795108795166,13,200,0
190,0,1167596354,0.0,0.0,0.0,10.0,0.5668795108795166,13,200,0
191,0,1187619532,0.0,0.0,0.0,10.0,0.5668795108795166,13,200,0
192,0,1207575469,0.0,0.0,0.0,10.0,0.5668795108795166,13,200,0
193,0,1227555406,0.0,0.0,0.0,10.0,0.5668795108795166,13,200,0
194,0,1247559504,0.0,0.0,0.0,10.0,0.5668795108795166,13,200,0
195,0,1267540214,0.0,0.0,0.0,10.0,0.5668795108795166,13,200,0
196,0,1287514154,0.0,0.0,0.0,10.0,0.5668795108795166,13,200,0
197,0,1307532815,0.0,0.0,0.0,10.0,0.5668795108795166,13,200,0
198,0,1327525577,0.0,0.0,0.0,10.0,0.5668795108795166,13,200,0
199,0,1347524006,0.0,0.0,0.0,10.0,0.5668795108795166,13,200,0
200,0,1371433351,99.18994903564453,1.6531658172607422,8880.9287109375,10.0,0.5668795108795166,13,200,1
201,0,1392635222,100.30272674560547,1.6717121601104736,5981.4755859375,10.0,0.5668795108795166,13,200,1
202,0,1412860371,102.01701354980469,1.7002835273742676,9202.4375,10.0,0.5668795108795166,13,200,1
203,0,1432782914,99.22001647949219,1.6536669731140137,8949.171875,10.0,0.5668795108795166,13,200,1
204,0,1452706207,99.18994140625,1.6531656980514526,9436.7021484375,10.0,0.5668795108795166,13,200,1
205,0,1472689635,99.15986633300781,1.6526644229888916,9452.51953125,10.0,0.5668795108795166,13,200,1
206,0,1492711773,99.18994140625,1.6531656980514526,9830.578125,10.0,0.5668795108795166,13,200,1
207,0,1512719238,99.22001647949219,1.6536669731140137,10303.8388671875,10.0,0.5668795108795166,13,200,1
208,0,1532725819,99.18994140625,1.6531656980514526,9803.076171875,10.0,0.5668795108795166,13,200,1
209,0,1552661325,99.22001647949219,1.6536669731140137,9676.109375,10.0,0.5668795108795166,13,200,1
210,0,1572665397,99.25009155273438,1.6541682481765747,9643.36328125,10.0,0.5668795108795166,13,200,1
211,0,1592663249,99.15986633300781,1.6526644229888916,10505.0615234375,10.0,0.5668795108795166,13,200,1
212,0,1612809764,87.15986633300781,1.4526643753051758,8206.615234375,10.0,0.5668795108795166,13,200,1
213,0,1632923779,86.88919067382812,1.4481531381607056,6963.0771484375,10.0,0.5668795108795166,13,200,1
214,0,1652812051,86.91926574707031,1.4486544132232666,8154.71533203125,10.0,0.5668795108795166,13,200,1
215,0,1672823993,86.9493408203125,1.4491556882858276,7050.970703125,10.0,0.5668795108795166,13,200,1
216,0,1692857404,86.91926574707031,1.4486544132232666,7115.0791015625,10.0,0.5668795108795166,13,200,1
217,0,1712859906,86.9493408203125,1.4491556882858276,6791.501953125,10.0,0.5668795108795166,13,200,1
218,0,1732813493,86.97941589355469,1.4496569633483887,7804.35546875,10.0,0.5668795108795166,13,200,1
219,0,1752774339,86.88919830322266,1.4481532573699951,8222.1171875,10.0,0.5668795108795166,13,200,1
220,0,1772819326,86.91927337646484,1.4486545324325562,8700.2138671875,10.0,0.5668795108795166,13,200,1
221,0,1792787095,86.94934844970703,1.4491558074951172,9320.4814453125,10.0,0.5668795108795166,13,200,1
222,0,1812762129,86.91927337646484,1.4486545324325562,9321.1201171875,10.0,0.5668795108795166,13,200,1
223,0,1832751501,86.88919830322266,1.4481532573699951,9604.3623046875,10.0,0.5668795108795166,13,200,1
224,0,1852768843,86.91927337646484,1.4486545324325562,10032.4775390625,10.0,0.5668795108795166,13,200,1
225,0,1872775410,86.94934844970703,1.4491558074951172,9758.568359375,10.0,0.5668795108795166,13,200,1
226,0,1892776935,86.91927337646484,1.4486545324325562,9398.61328125,10.0,0.5668795108795166,13,200,1
227,0,1912756383,86.94934844970703,1.4491558074951172,9374.66015625,10.0,0.5668795108795166,13,200,1
228,0,1932768695,86.91927337646484,1.4486545324325562,9839.1982421875,10.0,0.5668795108795166,13,200,1
229,0,1952742074,86.94934844970703,1.4491558074951172,10058.7763671875,10.0,0.5668795108795166,13,200,1
230,0,1972731657,86.91927337646484,1.4486545324325562,10882.0224609375,10.0,0.5668795108795166,13,200,1
231,0,1992772013,86.94934844970703,1.4491558074951172,10990.458984375,10.0,0.5668795108795166,13,200,1
232,0,2012770763,86.97942352294922,1.4496570825576782,10061.146484375,10.0,0.5668795108795166,13,200,1
233,0,2032710213,86.94934844970703,1.4491558074951172,10463.314453125,10.0,0.5668795108795166,13,200,1
234,0,2052701727,86.97942352294922,1.4496570825576782,10351.8271484375,10.0,0.5668795108795166,13,200,1
235,0,2072655850,86.94934844970703,1.4491558074951172,9900.271484375,10.0,0.5668795108795166,13,200,1
236,0,2092671070,86.97942352294922,1.4496570825576782,10329.5400390625,10.0,0.5668795108795166,13,200,1
237,0,2112789160,86.94934844970703,1.4491558074951172,9307.6025390625,10.0,0.5668795108795166,13,200,1
238,0,2132785705,86.91927337646484,1.4486545324325562,8410.1279296875,10.0,0.5668795108795166,13,200,1
239,0,2152776726,86.94934844970703,1.4491558074951172,8855.8798828125,10.0,0.5668795108795166,13,200,1
240,0,2172848449,86.91927337646484,1.4486545324325562,8978.44921875,10.0,0.5668795108795166,13,200,1
241,0,2192839476,86.94934844970703,1.4491558074951172,8472.490234375,10.0,0.5668795108795166,13,200,1
242,0,2212867021,86.97942352294922,1.4496570825576782,9360.24609375,10.0,0.5668795108795166,13,200,1
243,0,2232895595,87.0094985961914,1.4501583576202393,9149.09375,10.0,0.5668795108795166,13,200,1
244,0,2252917386,86.97942352294922,1.4496570825576782,8334.11328125,10.0,0.5668795108795166,13,200,1
245,0,2272940126,86.94934844970703,1.4491558074951172,8179.00537109375,10.0,0.5668795108795166,13,200,1
246,0,2292940270,86.97942352294922,1.4496570825576782,8087.52685546875,10.0,0.5668795108795166,13,200,1
247,0,2312863549,86.94934844970703,1.4491558074951172,8374.798828125,10.0,0.5668795108795166,13,200,1
248,0,2332838494,86.97942352294922,1.4496570825576782,8942.7744140625,10.0,0.5668795108795166,13,200,1
249,0,2352898662,87.0094985961914,1.4501583576202393,9212.1572265625,10.0,0.5668795108795166,13,200,1
250,0,2372944548,86.97942352294922,1.4496570825576782,8448.05859375,10.0,0.5668795108795166,13,200,1
251,0,2393032037,86.94934844970703,1.4491558074951172,8352.5078125,10.0,0.5668795108795166,13,200,1
252,0,2412872026,86.97942352294922,1.4496570825576782,8688.6376953125,10.0,0.5668795108795166,13,200,1
253,0,2432900169,86.94934844970703,1.4491558074951172,8971.791015625,10.0,0.5668795108795166,13,200,1
254,0,2452852372,86.91927337646484,1.4486545324325562,9250.5810546875,10.0,0.5668795108795166,13,200,1
255,0,2472865664,86.94934844970703,1.4491558074951172,9772.888671875,10.0,0.5668795108795166,13,200,1
256,0,2492898421,86.97942352294922,1.4496570825576782,9534.4833984375,10.0,0.5668795108795166,13,200,1
257,0,2512954787,86.94934844970703,1.4491558074951172,9340.1748046875,10.0,0.5668795108795166,13,200,1
258,0,2532936605,86.91927337646484,1.4486545324325562,9381.982421875,10.0,0.5668795108795166,13,200,1
259,0,2552890171,86.94934844970703,1.4491558074951172,9541.935546875,10.0,0.5668795108795166,13,200,1
260,0,2572787442,86.91927337646484,1.4486545324325562,9439.8876953125,10.0,0.5668795108795166,13,200,1
261,0,2592844392,86.88919830322266,1.4481532573699951,9457.494140625,10.0,0.5668795108795166,13,200,1
262,0,2612888337,86.91927337646484,1.4486545324325562,8937.0908203125,10.0,0.5668795108795166,13,200,1
263,0,2632792114,86.94934844970703,1.4491558074951172,9035.91015625,10.0,0.5668795108795166,13,200,1
264,0,2652764815,86.91927337646484,1.4486545324325562,9079.1103515625,10.0,0.5668795108795166,13,200,1
265,0,2672731262,86.88919830322266,1.4481532573699951,9478.70703125,10.0,0.5668795108795166,13,200,1
266,0,2692710440,86.91927337646484,1.4486545324325562,9666.45703125,10.0,0.5668795108795166,13,200,1
267,0,2712751393,86.94934844970703,1.4491558074951172,9499.4697265625,10.0,0.5668795108795166,13,200,1
268,0,2732809185,86.85912322998047,1.4476521015167236,8592.6923828125,10.0,0.5668795108795166,13,200,1
269,0,2752803057,86.88920593261719,1.4481533765792847,8325.1982421875,10.0,0.5668795108795166,13,200,1
270,0,2772773500,86.91928100585938,1.4486546516418457,8311.4755859375,10.0,0.5668795108795166,13,200,1
271,0,2792785022,86.88920593261719,1.4481533765792847,8687.8017578125,10.0,0.5668795108795166,13,200,1
272,0,2812712647,86.91928100585938,1.4486546516418457,9578.9189453125,10.0,0.5668795108795166,13,200,1
273,0,2832720248,86.94935607910156,1.4491559267044067,9158.5888671875,10.0,0.5668795108795166,13,200,1
274,0,2852735298,86.91928100585938,1.4486546516418457,8747.6220703125,10.0,0.5668795108795166,13,200,1
275,0,2872693501,98.91928100585938,1.6486546993255615,12397.130859375,10.0,0.5668795108795166,13,200,1
276,0,2892669757,86.91928100585938,1.4486546516418457,9616.6689453125,10.0,0.5668795108795166,13,200,1
277,0,2912676375,86.94935607910156,1.4491559267044067,9480.37109375,10.0,0.5668795108795166,13,200,1
278,0,2932638231,86.91928100585938,1.4486546516418457,9584.23828125,10.0,0.5668795108795166,13,200,1
279,0,2952639572,86.94935607910156,1.4491559267044067,9711.115234375,10.0,0.5668795108795166,13,200,1
280,0,2972610311,86.97943115234375,1.4496572017669678,9120.603515625,10.0,0.5668795108795166,13,200,1
281,0,2992647597,86.94935607910156,1.4491559267044067,9378.005859375,10.0,0.5668795108795166,13,200,1
282,0,3012668320,86.91928100585938,1.4486546516418457,10082.693359375,10.0,0.5668795108795166,13,200,1
283,0,3032621473,86.94935607910156,1.4491559267044067,9801.228515625,10.0,0.5668795108795166,13,200,1
284,0,3052632877,86.97943115234375,1.4496572017669678,9579.9033203125,10.0,0.5668795108795166,13,200,1
285,0,3072637640,86.94935607910156,1.4491559267044067,9637.529296875,10.0,0.5668795108795166,13,200,1
286,0,3092593949,86.91928100585938,1.4486546516418457,9621.6826171875,10.0,0.5668795108795166,13,200,1
287,0,3112601371,86.94935607910156,1.4491559267044067,9534.8466796875,10.0,0.5668795108795166,13,200,1
288,0,3132654691,86.97943115234375,1.4496572017669678,10517.9697265625,10.0,0.5668795108795166,13,200,1
289,0,3152633839,86.94935607910156,1.4491559267044067,10651.560546875,10.0,0.5668795108795166,13,200,1
290,0,3172621504,86.97943115234375,1.4496572017669678,10295.826171875,10.0,0.5668795108795166,13,200,1
291,0,3192642294,86.94935607910156,1.4491559267044067,10341.8349609375,10.0,0.5668795108795166,13,200,1
292,0,3212637269,86.97943115234375,1.4496572017669678,9957.1298828125,10.0,0.5668795108795166,13,200,1
293,0,3232629332,87.00950622558594,1.4501584768295288,9501.2958984375,10.0,0.5668795108795166,13,200,1
294,0,3252634515,86.97943115234375,1.4496572017669678,10014.525390625,10.0,0.5668795108795166,13,200,1
295,0,3272669515,87.00950622558594,1.4501584768295288,9902.224609375,10.0,0.5668795108795166,13,200,1
296,0,3292662447,86.97943115234375,1.4496572017669678,9646.29296875,10.0,0.5668795108795166,13,200,1
297,0,3312663595,87.00950622558594,1.4501584768295288,9348.8515625,10.0,0.5668795108795166,13,200,1
298,0,3332663900,87.03958129882812,1.4506597518920898,9396.388671875,10.0,0.5668795108795166,13,200,1
299,0,3352652231,87.00950622558594,1.4501584768295288,8926.00390625,10.0,0.5668795108795166,13,200,1
300,0,3372649499,87.03958129882812,1.4506597518920898,9411.5,10.0,0.5668795108795166,13,200,1
301,0,3392636774,87.06966400146484,1.4511610269546509,9405.033203125,10.0,0.5668795108795166,13,200,1
302,0,3412668115,87.03958129882812,1.4506597518920898,9596.9375,10.0,0.5668795108795166,13,200,1
303,0,3432674041,87.06966400146484,1.4511610269546509,9634.8515625,10.0,0.5668795108795166,13,200,1
304,0,3452660996,87.09973907470703,1.451662302017212,9801.06640625,10.0,0.5668795108795166,13,200,1
305,0,3472666649,87.06966400146484,1.4511610269546509,9259.19140625,10.0,0.5668795108795166,13,200,1
306,0,3492680099,87.09973907470703,1.451662302017212,8391.33203125,10.0,0.5668795108795166,13,200,1
307,0,3512622881,84.00199127197266,1.4000332355499268,8911.9169921875,10.0,0.5668795108795166,13,200,1
308,0,3532608399,83.97191619873047,1.3995319604873657,8929.5556640625,10.0,0.5668795108795166,13,200,1
309,0,3552680356,87.06966400146484,1.4511610269546509,8513.4296875,10.0,0.5668795108795166,13,200,1
310,0,3572663025,87.09973907470703,1.451662302017212,8750.0986328125,10.0,0.5668795108795166,13,200,1
311,0,3592715653,87.12981414794922,1.452163577079773,8394.462890625,10.0,0.5668795108795166,13,200,1
312,0,3612676506,87.09973907470703,1.451662302017212,8411.296875,10.0,0.5668795108795166,13,200,1
313,0,3632704410,87.12981414794922,1.452163577079773,8145.34130859375,10.0,0.5668795108795166,13,200,1
314,0,3652730993,87.09973907470703,1.451662302017212,8426.5712890625,10.0,0.5668795108795166,13,200,1
315,0,3672749707,87.12981414794922,1.452163577079773,8119.85693359375,10.0,0.5668795108795166,13,200,1
316,0,3692766508,87.09973907470703,1.451662302017212,8141.04345703125,10.0,0.5668795108795166,13,200,1
317,0,3712695531,87.12981414794922,1.452163577079773,8648.9052734375,10.0,0.5668795108795166,13,200,1
318,0,3732695648,87.1598892211914,1.452664852142334,8826.400390625,10.0,0.5668795108795166,13,200,1
319,0,3752631344,87.12981414794922,1.452163577079773,8962.626953125,10.0,0.5668795108795166,13,200,1
320,0,3772688967,87.09973907470703,1.451662302017212,9152.5634765625,10.0,0.5668795108795166,13,200,1
321,0,3792630405,87.12981414794922,1.452163577079773,9463.8994140625,10.0,0.5668795108795166,13,200,1
322,0,3812714795,87.09973907470703,1.451662302017212,9111.1845703125,10.0,0.5668795108795166,13,200,1
323,0,3832716937,87.12981414794922,1.452163577079773,8598.7080078125,10.0,0.5668795108795166,13,200,1
324,0,3852711100,87.09973907470703,1.451662302017212,8312.3798828125,10.0,0.5668795108795166,13,200,1
325,0,3872695635,87.18995666503906,1.4531660079956055,7768.68310546875,10.0,0.5668795108795166,13,200,1
326,0,3892702158,87.15988159179688,1.4526647329330444,8649.22265625,10.0,0.5668795108795166,13,200,1
327,0,3912680802,87.12980651855469,1.4521634578704834,8889.0634765625,10.0,0.5668795108795166,13,200,1
328,0,3932693747,87.15988159179688,1.4526647329330444,8852.0625,10.0,0.5668795108795166,13,200,1
329,0,3952725228,87.18995666503906,1.4531660079956055,8679.05078125,10.0,0.5668795108795166,13,200,1
330,0,3972686489,87.15988159179688,1.4526647329330444,8529.3603515625,10.0,0.5668795108795166,13,200,1
331,0,3992679567,87.18995666503906,1.4531660079956055,9322.0810546875,10.0,0.5668795108795166,13,200,1
332,0,4012671538,87.15988159179688,1.4526647329330444,9647.4384765625,10.0,0.5668795108795166,13,200,1
333,0,4032693560,87.12980651855469,1.4521634578704834,9036.01171875,10.0,0.5668795108795166,13,200,1
334,0,4052691726,87.15988159179688,1.4526647329330444,8046.5791015625,10.0,0.5668795108795166,13,200,1
335,0,4072689733,87.18995666503906,1.4531660079956055,8289.244140625,10.0,0.5668795108795166,13,200,1
336,0,4092656229,87.15988159179688,1.4526647329330444,8209.296875,10.0,0.5668795108795166,13,200,1
337,0,4112674400,83.821533203125,1.3970255851745605,7808.1201171875,10.0,0.5668795108795166,13,200,1
338,0,4132661875,83.79145812988281,1.3965243101119995,7578.5615234375,10.0,0.5668795108795166,13,200,1
339,0,4152705100,87.18995666503906,1.453165888786316,7564.2548828125,10.0,0.5668795108795166,13,200,1
340,0,4172712389,83.73130798339844,1.3955217599868774,6533.7607421875,10.0,0.5668795108795166,13,200,1
341,0,4192818434,83.76138305664062,1.3960230350494385,6055.54638671875,10.0,0.5668795108795166,13,200,1
342,0,4212706124,81.20498657226562,1.3534164428710938,6737.62890625,10.0,0.5668795108795166,13,200,1
343,0,4232659666,81.17491149902344,1.3529151678085327,6835.9775390625,10.0,0.5668795108795166,13,200,1
344,0,4252653148,89.8064956665039,1.4967749118804932,7383.4970703125,10.0,0.5668795108795166,13,200,1
345,0,4272656231,89.77642059326172,1.4962736368179321,7689.26025390625,10.0,0.5668795108795166,13,200,1
346,0,4292630329,89.8064956665039,1.4967749118804932,8139.658203125,10.0,0.5668795108795166,13,200,1
347,0,17659949,81.11476135253906,1.3519127368927002,7214.4765625,10.0,0.5668795108795166,13,200,1
348,0,37694026,81.14484405517578,1.3524140119552612,7473.24267578125,10.0,0.5668795108795166,13,200,1
349,0,57673726,81.17491912841797,1.3529152870178223,7394.04638671875,10.0,0.5668795108795166,13,200,1
350,0,77656431,81.14484405517578,1.3524140119552612,7112.732421875,10.0,0.5668795108795166,13,200,1
351,0,97697084,81.11476135253906,1.3519127368927002,7442.88525390625,10.0,0.5668795108795166,13,200,1
352,0,117637844,81.14484405517578,1.3524140119552612,7762.435546875,10.0,0.5668795108795166,13,200,1
353,0,137649611,81.11476135253906,1.3519127368927002,7940.63330078125,10.0,0.5668795108795166,13,200,1
354,0,157696750,81.08468627929688,1.3514114618301392,8231.2353515625,10.0,0.5668795108795166,13,200,1
355,0,177670278,81.05461120605469,1.3509101867675781,9184.1591796875,10.0,0.5668795108795166,13,200,1
356,0,197681700,81.08468627929688,1.3514114618301392,8964.5029296875,10.0,0.5668795108795166,13,200,1
357,0,217662036,81.11476135253906,1.3519127368927002,8978.8759765625,10.0,0.5668795108795166,13,200,1
358,0,237637290,81.08468627929688,1.3514114618301392,9171.099609375,10.0,0.5668795108795166,13,200,1
359,0,257635766,81.05461120605469,1.3509101867675781,8717.306640625,10.0,0.5668795108795166,13,200,1
360,0,277664634,81.08468627929688,1.3514114618301392,8846.302734375,10.0,0.5668795108795166,13,200,1
361,0,297702959,81.05461120605469,1.3509101867675781,9087.56640625,10.0,0.5668795108795166,13,200,1
362,0,317734665,81.0245361328125,1.350408911705017,8725.5810546875,10.0,0.5668795108795166,13,200,1
363,0,337704497,81.05461120605469,1.3509101867675781,8354.1787109375,10.0,0.5668795108795166,13,200,1
364,0,357683481,81.08468627929688,1.3514114618301392,9021.4345703125,10.0,0.5668795108795166,13,200,1
365,0,377670880,81.05461120605469,1.3509101867675781,9042.5673828125,10.0,0.5668795108795166,13,200,1
366,0,397654879,81.0245361328125,1.350408911705017,8346.14453125,10.0,0.5668795108795166,13,200,1
367,0,417702726,98.79196166992188,1.646532654762268,9998.7236328125,10.0,0.5668795108795166,13,200,1
368,0,437768152,98.82203674316406,1.647033929824829,9679.783203125,10.0,0.5668795108795166,13,200,1
369,0,457757138,98.79196166992188,1.646532654762268,9892.49609375,10.0,0.5668795108795166,13,200,1
370,0,477768161,98.76188659667969,1.646031379699707,9533.841796875,10.0,0.5668795108795166,13,200,1
371,0,497767489,98.79196166992188,1.646532654762268,9201.2724609375,10.0,0.5668795108795166,13,200,1
372,0,517778657,98.82203674316406,1.647033929824829,9509.52734375,10.0,0.5668795108795166,13,200,1
373,0,537755424,98.7318115234375,1.6455302238464355,9109.5439453125,10.0,0.5668795108795166,13,200,1
374,0,557915874,98.70173645019531,1.6450289487838745,7794.28515625,10.0,0.5668795108795166,13,200,1
375,0,577678293,97.40850830078125,1.6234750747680664,6095.96923828125,10.0,0.5668795108795166,13,200,1
376,0,597889916,96.29572296142578,1.604928731918335,7968.26318359375,10.0,0.5668795108795166,13,200,1
377,0,617777157,96.32579803466797,1.605430006980896,9409.09375,10.0,0.5668795108795166,13,200,1
378,0,637780177,96.29572296142578,1.604928731918335,9384.80859375,10.0,0.5668795108795166,13,200,1
379,0,657783242,96.2656478881836,1.604427456855774,9212.7080078125,10.0,0.5668795108795166,13,200,1
380,0,677794941,96.29572296142578,1.604928731918335,8460.208984375,10.0,0.5668795108795166,13,200,1
381,0,697829958,96.32579803466797,1.605430006980896,8928.8583984375,10.0,0.5668795108795166,13,200,1
382,0,717737139,98.76188659667969,1.6460314989089966,9106.5234375,10.0,0.5668795108795166,13,200,1
383,0,737780038,98.7919692993164,1.6465327739715576,8798.2509765625,10.0,0.5668795108795166,13,200,1
384,0,757814954,98.76188659667969,1.6460314989089966,8539.404296875,10.0,0.5668795108795166,13,200,1
385,0,777699154,98.7919692993164,1.6465327739715576,9273.578125,10.0,0.5668795108795166,13,200,1
386,0,797716854,98.8220443725586,1.6470340490341187,9398.1396484375,10.0,0.5668795108795166,13,200,1
387,0,817811820,98.7919692993164,1.6465327739715576,8524.7314453125,10.0,0.5668795108795166,13,200,1
388,0,837975773,75.05728149414062,1.2509547472000122,7851.16650390625,10.0,0.5668795108795166,13,200,1
389,0,858093927,83.80916595458984,1.3968194723129272,6341.822265625,10.0,0.5668795108795166,13,200,1
390,0,877860179,75.11743927001953,1.2519572973251343,8672.5166015625,10.0,0.5668795108795166,13,200,1
391,0,897837414,75.08736419677734,1.2514560222625732,8974.7978515625,10.0,0.5668795108795166,13,200,1
392,0,917799837,75.05728149414062,1.2509547472000122,9273.27734375,10.0,0.5668795108795166,13,200,1
393,0,937816011,75.08736419677734,1.2514560222625732,9270.4326171875,10.0,0.5668795108795166,13,200,1
394,0,957845254,75.11743927001953,1.2519572973251343,9457.5693359375,10.0,0.5668795108795166,13,200,1
395,0,977619140,71.89939880371094,1.1983232498168945,9957.0126953125,10.0,0.5668795108795166,13,200,1
396,0,997602457,71.85984802246094,1.1976641416549683,10088.5859375,10.0,0.5668795108795166,13,200,1
397,0,1017570529,71.84022521972656,1.1973371505737305,10051.953125,10.0,0.5668795108795166,13,200,1
398,0,1037589349,71.89024353027344,1.1981706619262695,10450.9482421875,10.0,0.5668795108795166,13,200,1
399,0,1057607943,71.9151840209961,1.198586344718933,11252.783203125,10.0,0.5668795108795166,13,200,1
400,0,1077680306,71.92761993408203,1.198793649673462,11172.4794921875,10.0,0.5668795108795166,13,200,1
401,0,1097758118,71.87386322021484,1.1978976726531982,11046.1787109375,10.0,0.5668795108795166,13,200,1
402,0,1117810533,71.84718322753906,1.1974530220031738,11035.234375,10.0,0.5668795108795166,13,200,1
403,0,1137749736,71.89370727539062,1.1982284784317017,10629.0146484375,10.0,0.5668795108795166,13,200,1
404,0,1157733611,71.8570327758789,1.1976171731948853,10416.3134765625,10.0,0.5668795108795166,13,200,1
405,0,1177778815,71.77903747558594,1.1963173151016235,10282.771484375,10.0,0.5668795108795166,13,200,1
406,0,1197833900,71.80012512207031,1.1966687440872192,8978.423828125,10.0,0.5668795108795166,13,200,1
407,0,1217801068,69.1860122680664,1.1531002521514893,8765.5361328125,10.0,0.5668795108795166,13,200,1
408,0,1237758550,69.1859130859375,1.1530985832214355,9457.0087890625,10.0,0.5668795108795166,13,200,1
409,0,1257611503,69.18587493896484,1.1530978679656982,10631.2392578125,10.0,0.5668795108795166,13,200,1
410,0,1277560871,69.18585968017578,1.1530976295471191,10887.5810546875,10.0,0.5668795108795166,13,200,1
411,0,1297540163,69.18585205078125,1.1530975103378296,10749.2646484375,10.0,0.5668795108795166,13,200,1
412,0,1317531418,69.13275146484375,1.1522125005722046,10751.369140625,10.0,0.5668795108795166,13,200,1
413,0,1337551558,69.16282653808594,1.1527137756347656,10913.7509765625,10.0,0.5668795108795166,13,200,1
414,0,1357535942,69.17586517333984,1.1529310941696167,11122.1982421875,10.0,0.5668795108795166,13,200,1
415,0,1377543871,69.1815185546875,1.1530252695083618,11352.044921875,10.0,0.5668795108795166,13,200,1
416,0,1397531012,69.1308822631836,1.1521813869476318,11241.6494140625,10.0,0.5668795108795166,13,200,1
417,0,1417536274,69.1620101928711,1.1527001857757568,11225.935546875,10.0,0.5668795108795166,13,200,1
418,0,1437536108,69.17550659179688,1.1529251337051392,11166.0107421875,10.0,0.5668795108795166,13,200,1
419,0,1457548660,69.1282958984375,1.1521382331848145,11457.802734375,10.0,0.5668795108795166,13,200,1
420,0,1477536254,69.10794067382812,1.151798963546753,11458.9755859375,10.0,0.5668795108795166,13,200,1
421,0,1497555932,69.09915924072266,1.1516526937484741,11681.806640625,10.0,0.5668795108795166,13,200,1
422,0,1517547058,69.14825439453125,1.1524709463119507,12062.0263671875,10.0,0.5668795108795166,13,200,1
423,0,1537532725,69.16954803466797,1.1528258323669434,11958.5009765625,10.0,0.5668795108795166,13,200,1
424,0,1557542520,69.12571716308594,1.1520953178405762,11871.4189453125,10.0,0.5668795108795166,13,200,1
425,0,1577552434,69.10682678222656,1.1517804861068726,11721.6328125,10.0,0.5668795108795166,13,200,1
426,0,1597538401,69.15158081054688,1.1525263786315918,11470.146484375,10.0,0.5668795108795166,13,200,1
427,0,1617568521,69.17098999023438,1.152849793434143,11552.2734375,10.0,0.5668795108795166,13,200,1
428,0,1637558353,69.1263427734375,1.152105689048767,11590.4267578125,10.0,0.5668795108795166,13,200,1
429,0,1657511510,69.10709381103516,1.151784896850586,12147.64453125,10.0,0.5668795108795166,13,200,1
430,0,1677489413,69.09880065917969,1.151646614074707,12805.8818359375,10.0,0.5668795108795166,13,200,1
431,0,1697510005,69.14810180664062,1.1524683237075806,12746.8740234375,10.0,0.5668795108795166,13,200,1
432,0,1717528811,69.1164779663086,1.1519412994384766,12696.6298828125,10.0,0.5668795108795166,13,200,1
433,0,1737501159,69.10284423828125,1.1517140865325928,12857.99609375,10.0,0.5668795108795166,13,200,1
434,0,1757505643,69.09696960449219,1.151616096496582,12929.0927734375,10.0,0.5668795108795166,13,200,1
435,0,1777498011,69.09443664550781,1.151573896408081,12946.865234375,10.0,0.5668795108795166,13,200,1
436,0,1797456156,69.09333801269531,1.1515556573867798,13164.70703125,10.0,0.5668795108795166,13,200,1
437,0,1817477681,69.09286499023438,1.1515477895736694,13109.5458984375,10.0,0.5668795108795166,13,200,1
438,0,1837507124,69.09266662597656,1.151544451713562,12906.2978515625,10.0,0.5668795108795166,13,200,1
439,0,1857524357,69.09258270263672,1.1515430212020874,12673.359375,10.0,0.5668795108795166,13,200,1
440,0,1877498103,69.09254455566406,1.1515424251556396,12707.28515625,10.0,0.5668795108795166,13,200,1
441,0,1897506481,69.09252166748047,1.151542067527771,12675.044921875,10.0,0.5668795108795166,13,200,1
442,0,1917546821,69.09251403808594,1.1515419483184814,11971.4951171875,10.0,0.5668795108795166,13,200,1
443,0,1937553750,69.14537048339844,1.1524229049682617,11885.44140625,10.0,0.5668795108795166,13,200,1
444,0,1957595441,69.16829681396484,1.152804970741272,11824.7099609375,10.0,0.5668795108795166,13,200,1
445,0,1977565477,69.12518310546875,1.1520863771438599,11483.2861328125,10.0,0.5668795108795166,13,200,1
446,0,1997548976,69.1065902709961,1.1517765522003174,11637.09375,10.0,0.5668795108795166,13,200,1
447,0,2017547023,69.09857940673828,1.1516430377960205,11794.7353515625,10.0,0.5668795108795166,13,200,1
448,0,2037554675,69.14801025390625,1.1524667739868164,11742.19921875,10.0,0.5668795108795166,13,200,1
449,0,2057597393,69.16943359375,1.1528239250183105,11291.4501953125,10.0,0.5668795108795166,13,200,1
450,0,2077635907,69.12567901611328,1.1520946025848389,11341.396484375,10.0,0.5668795108795166,13,200,1
451,0,2097571168,69.1068115234375,1.151780128479004,11939.787109375,10.0,0.5668795108795166,13,200,1
452,0,2117569325,69.09867858886719,1.1516445875167847,12176.833984375,10.0,0.5668795108795166,13,200,1
453,0,2137557742,69.1480484008789,1.1524674892425537,12219.072265625,10.0,0.5668795108795166,13,200,1
454,0,2157558058,69.116455078125,1.151940941810608,12263.9140625,10.0,0.5668795108795166,13,200,1
455,0,2177568515,69.10282897949219,1.1517138481140137,12080.41796875,10.0,0.5668795108795166,13,200,1
456,0,2197512698,70.63075256347656,1.177179217338562,8528.7060546875,10.0,0.5668795108795166,13,200,1
457,0,2217562531,71.7974853515625,1.196624755859375,11644.2578125,10.0,0.5668795108795166,13,200,1
458,0,2237578850,71.86892700195312,1.1978154182434082,12099.4443359375,10.0,0.5668795108795166,13,200,1
459,0,2257541603,71.8447265625,1.197412133216858,12371.30859375,10.0,0.5668795108795166,13,200,1
460,0,2277557578,71.83272552490234,1.1972121000289917,12198.982421875,10.0,0.5668795108795166,13,200,1
461,0,2297603399,71.82676696777344,1.197112798690796,11843.033203125,10.0,0.5668795108795166,13,200,1
462,0,2317614079,71.82381439208984,1.1970635652542114,11906.794921875,10.0,0.5668795108795166,13,200,1
463,0,2337597003,71.82234954833984,1.1970391273498535,12060.9951171875,10.0,0.5668795108795166,13,200,1
464,0,2357530458,71.82161712646484,1.1970269680023193,12461.7705078125,10.0,0.5668795108795166,13,200,1
465,0,2377550683,71.82125091552734,1.1970208883285522,12449.49609375,10.0,0.5668795108795166,13,200,1
466,0,2397552607,71.88077545166016,1.1980129480361938,13080.5791015625,10.0,0.5668795108795166,13,200,1
467,0,2417540019,71.85061645507812,1.1975102424621582,12757.3798828125,10.0,0.5668795108795166,13,200,1
468,0,2437564086,71.83564758300781,1.1972607374191284,12794.6484375,10.0,0.5668795108795166,13,200,1
469,0,2457576869,71.82821655273438,1.1971368789672852,13367.35546875,10.0,0.5668795108795166,13,200,1
470,0,2477532045,71.88424682617188,1.198070764541626,14010.7236328125,10.0,0.5668795108795166,13,200,1
471,0,2497546833,71.91219329833984,1.1985365152359009,14377.427734375,10.0,0.5668795108795166,13,200,1
472,0,2517571695,71.86620330810547,1.1977699995040894,14144.0654296875,10.0,0.5668795108795166,13,200,1
473,0,2537642187,71.84337615966797,1.1973896026611328,13872.125,10.0,0.5668795108795166,13,200,1
474,0,2557736675,71.8320541381836,1.197200894355774,13023.0849609375,10.0,0.5668795108795166,13,200,1
475,0,2577706926,71.82643127441406,1.197107195854187,13149.5078125,10.0,0.5668795108795166,13,200,1
476,0,2597745151,71.82363891601562,1.1970607042312622,13120.29296875,10.0,0.5668795108795166,13,200,1
477,0,2617705264,71.822265625,1.197037696838379,13135.4111328125,10.0,0.5668795108795166,13,200,1
478,0,2637673191,71.82157897949219,1.197026252746582,13245.1630859375,10.0,0.5668795108795166,13,200,1
479,0,2657635019,71.82122802734375,1.1970205307006836,12831.2861328125,10.0,0.5668795108795166,13,200,1
480,0,2677594879,71.82106018066406,1.1970176696777344,13012.9365234375,10.0,0.5668795108795166,13,200,1
481,0,2697597875,71.82098388671875,1.1970163583755493,12905.8115234375,10.0,0.5668795108795166,13,200,1
482,0,2717571817,71.8806381225586,1.1980106830596924,13750.37890625,10.0,0.5668795108795166,13,200,1
483,0,2737537244,71.85054016113281,1.1975090503692627,13332.00390625,10.0,0.5668795108795166,13,200,1
484,0,2757527981,71.83560943603516,1.1972601413726807,13319.0576171875,10.0,0.5668795108795166,13,200,1
485,0,2777548463,71.82820129394531,1.197136640548706,13402.6650390625,10.0,0.5668795108795166,13,200,1
486,0,2797525079,71.82452392578125,1.197075366973877,12756.708984375,10.0,0.5668795108795166,13,200,1
487,0,2817545896,71.82270050048828,1.1970449686050415,12457.767578125,10.0,0.5668795108795166,13,200,1
488,0,2837512195,71.82179260253906,1.1970298290252686,12477.625,10.0,0.5668795108795166,13,200,1
489,0,2857529317,71.76163482666016,1.1960272789001465,12687.0390625,10.0,0.5668795108795166,13,200,1
490,0,2877514622,71.85104370117188,1.1975173950195312,13097.873046875,10.0,0.5668795108795166,13,200,1
491,0,2897543936,71.83586120605469,1.197264313697815,13123.3984375,10.0,0.5668795108795166,13,200,1
492,0,2917524426,71.82832336425781,1.1971386671066284,13507.3642578125,10.0,0.5668795108795166,13,200,1
493,0,2937552398,71.82457733154297,1.1970763206481934,13440.6689453125,10.0,0.5668795108795166,13,200,1
494,0,2957534326,71.82272338867188,1.1970454454421997,13157.548828125,10.0,0.5668795108795166,13,200,1
495,0,2977514717,71.82180786132812,1.1970300674438477,13066.189453125,10.0,0.5668795108795166,13,200,1
496,0,2997549336,71.82135009765625,1.1970224380493164,12965.505859375,10.0,0.5668795108795166,13,200,1
497,0,3017549122,71.82112121582031,1.1970186233520508,13059.716796875,10.0,0.5668795108795166,13,200,1
498,0,3037549002,71.82099914550781,1.197016716003418,13177.58203125,10.0,0.5668795108795166,13,200,1
499,0,3057551332,71.82095336914062,1.1970158815383911,12746.578125,10.0,0.5668795108795166,13,200,1
500,0,3077589821,71.8209228515625,1.197015404701233,12516.353515625,10.0,0.5668795108795166,13,200,1
501,0,3097565053,71.7612075805664,1.1960201263427734,12557.853515625,10.0,0.5668795108795166,13,200,1
502,0,3117557025,71.79127502441406,1.196521282196045,12553.236328125,10.0,0.5668795108795166,13,200,1
503,0,3137559826,71.80619812011719,1.1967699527740479,12472.119140625,10.0,0.5668795108795166,13,200,1
504,0,3157546144,71.81360626220703,1.1968934535980225,12405.0947265625,10.0,0.5668795108795166,13,200,1
505,0,3177535963,71.8172836303711,1.1969547271728516,12483.009765625,10.0,0.5668795108795166,13,200,1
506,0,3197563374,71.75941467285156,1.1959902048110962,12515.4541015625,10.0,0.5668795108795166,13,200,1
507,0,3217552484,71.79039001464844,1.1965065002441406,12456.4853515625,10.0,0.5668795108795166,13,200,1
508,0,3237524479,71.8057632446289,1.1967626810073853,12623.6279296875,10.0,0.5668795108795166,13,200,1
509,0,3257543728,71.81338500976562,1.1968897581100464,12531.8720703125,10.0,0.5668795108795166,13,200,1
510,0,3277540117,71.81716918945312,1.1969528198242188,12587.150390625,10.0,0.5668795108795166,13,200,1
511,0,3297535702,71.81905364990234,1.1969841718673706,12976.3447265625,10.0,0.5668795108795166,13,200,1
512,0,3317511318,71.87968444824219,1.1979947090148926,13029.044921875,10.0,0.5668795108795166,13,200,1
513,0,3337548768,71.85006713867188,1.1975011825561523,13038.404296875,10.0,0.5668795108795166,13,200,1
514,0,3357542223,71.83537292480469,1.1972562074661255,12995.0380859375,10.0,0.5668795108795166,13,200,1
515,0,3377575147,71.82808685302734,1.1971347332000732,12479.234375,10.0,0.5668795108795166,13,200,1
516,0,3397559406,71.824462890625,1.1970744132995605,12330.3798828125,10.0,0.5668795108795166,13,200,1
517,0,3417555499,71.82266998291016,1.1970444917678833,12325.728515625,10.0,0.5668795108795166,13,200,1
518,0,3437558563,71.82177734375,1.1970295906066895,12525.2060546875,10.0,0.5668795108795166,13,200,1
519,0,3457553934,71.82133483886719,1.1970221996307373,12650.0458984375,10.0,0.5668795108795166,13,200,1
520,0,3477587279,71.88081359863281,1.1980135440826416,12754.3232421875,10.0,0.5668795108795166,13,200,1
521,0,3497572611,71.85063171386719,1.1975104808807373,12743.1376953125,10.0,0.5668795108795166,13,200,1
522,0,3517571162,71.83564758300781,1.197260856628418,12746.5615234375,10.0,0.5668795108795166,13,200,1
523,0,3537591779,71.88795471191406,1.1981326341629028,13007.458984375,10.0,0.5668795108795166,13,200,1
524,0,3557525373,71.91404724121094,1.1985673904418945,13267.728515625,10.0,0.5668795108795166,13,200,1
525,0,3577523974,71.92705535888672,1.1987842321395874,13615.0546875,10.0,0.5668795108795166,13,200,1
526,0,3597524970,71.87357330322266,1.1978929042816162,13761.8662109375,10.0,0.5668795108795166,13,200,1
527,0,3617529825,71.90686798095703,1.198447823524475,13850.80078125,10.0,0.5668795108795166,13,200,1
528,0,3637503081,71.92347717285156,1.198724627494812,13725.6298828125,10.0,0.5668795108795166,13,200,1
529,0,3657538704,71.9317626953125,1.1988626718521118,13539.1044921875,10.0,0.5668795108795166,13,200,1
530,0,3677542776,71.87591552734375,1.1979318857192993,13291.939453125,10.0,0.5668795108795166,13,200,1
531,0,3697555838,71.90803527832031,1.1984672546386719,13152.9306640625,10.0,0.5668795108795166,13,200,1
532,0,3717538247,71.92405700683594,1.1987342834472656,12679.349609375,10.0,0.5668795108795166,13,200,1
533,0,3737532472,71.93205261230469,1.1988675594329834,13005.9482421875,10.0,0.5668795108795166,13,200,1
534,0,3757504240,71.93603515625,1.1989339590072632,13149.4853515625,10.0,0.5668795108795166,13,200,1
535,0,3777498639,71.93802642822266,1.1989670991897583,13130.77734375,10.0,0.5668795108795166,13,200,1
536,0,3797501411,71.93901824951172,1.1989836692810059,13070.3427734375,10.0,0.5668795108795166,13,200,1
537,0,3817497103,71.99951171875,1.1999918222427368,13402.2705078125,10.0,0.5668795108795166,13,200,1
538,0,3837516072,71.96968078613281,1.19949471950531,13207.7548828125,10.0,0.5668795108795166,13,200,1
539,0,3857546344,71.95480346679688,1.1992467641830444,13056.0966796875,10.0,0.5668795108795166,13,200,1
540,0,3877521766,72.0074234008789,1.20012366771698,13012.0654296875,10.0,0.5668795108795166,13,200,1
541,0,3897492443,72.0374984741211,1.200624942779541,13398.6376953125,10.0,0.5668795108795166,13,200,1
542,0,3917493884,72.0074234008789,1.20012366771698,13544.43359375,10.0,0.5668795108795166,13,200,1
543,0,3937503708,71.97734069824219,1.199622392654419,13711.1953125,10.0,0.5668795108795166,13,200,1
544,0,3957483765,72.01872253417969,1.2003120183944702,13939.533203125,10.0,0.5668795108795166,13,200,1
545,0,3977503405,72.04879760742188,1.2008132934570312,14194.59765625,10.0,0.5668795108795166,13,200,1
546,0,3997513342,72.01872253417969,1.2003120183944702,14339.0625,10.0,0.5668795108795166,13,200,1
547,0,4017481799,71.9886474609375,1.1998107433319092,14351.5849609375,10.0,0.5668795108795166,13,200,1
548,0,4037482974,72.02438354492188,1.2004064321517944,14324.84765625,10.0,0.5668795108795166,13,200,1
549,0,4057482847,72.05445861816406,1.2009077072143555,14458.888671875,10.0,0.5668795108795166,13,200,1
550,0,4077465280,72.02438354492188,1.2004064321517944,14415.4931640625,10.0,0.5668795108795166,13,200,1
551,0,4097514572,71.99430847167969,1.1999051570892334,14322.54296875,10.0,0.5668795108795166,13,200,1
552,0,4117495909,72.0272216796875,1.200453758239746,14269.69140625,10.0,0.5668795108795166,13,200,1
553,0,4137483613,72.05730438232422,1.2009550333023071,14373.080078125,10.0,0.5668795108795166,13,200,1
554,0,4157473807,72.0272216796875,1.200453758239746,14457.994140625,10.0,0.5668795108795166,13,200,1
555,0,4177469709,72.05730438232422,1.2009550333023071,14391.619140625,10.0,0.5668795108795166,13,200,1
556,0,4197470478,72.0272216796875,1.200453758239746,14484.90234375,10.0,0.5668795108795166,13,200,1
557,0,4217464194,72.05730438232422,1.2009550333023071,14584.4345703125,10.0,0.5668795108795166,13,200,1
558,0,4237480892,72.0873794555664,1.2014563083648682,14550.259765625,10.0,0.5668795108795166,13,200,1
559,0,4257521415,72.05730438232422,1.2009550333023071,14524.88671875,10.0,0.5668795108795166,13,200,1
560,0,4277493315,72.0272216796875,1.200453758239746,14392.4384765625,10.0,0.5668795108795166,13,200,1
561,0,2517227,72.05730438232422,1.2009550333023071,14065.58203125,10.0,0.5668795108795166,13,200,1
562,0,22512750,72.0873794555664,1.2014563083648682,14141.962890625,10.0,0.5668795108795166,13,200,1
563,0,42544310,72.05730438232422,1.2009550333023071,14199.4111328125,10.0,0.5668795108795166,13,200,1
564,0,62531926,72.0272216796875,1.200453758239746,13733.822265625,10.0,0.5668795108795166,13,200,1
565,0,82535726,72.05730438232422,1.2009550333023071,13293.2529296875,10.0,0.5668795108795166,13,200,1
566,0,102537705,63.12496566772461,1.0520827770233154,12004.9970703125,10.0,0.5668795108795166,13,200,1
567,0,122488679,63.14629364013672,1.0524382591247559,12179.384765625,10.0,0.5668795108795166,13,200,1
568,0,142487139,63.112770080566406,1.0518795251846313,12218.048828125,10.0,0.5668795108795166,13,200,1
569,0,162480463,63.10588455200195,1.051764726638794,12568.3203125,10.0,0.5668795108795166,13,200,1
570,0,182480152,63.104469299316406,1.051741123199463,13131.955078125,10.0,0.5668795108795166,13,200,1
571,0,202511606,63.142032623291016,1.0523672103881836,12995.634765625,10.0,0.5668795108795166,13,200,1
